{"B2":311380.5868524972,"B2_hs":36811.0883196628,"B2_reduced":8.458880219691086,"sigma":26.0}
