{"B2":192094.62557691833,"B2_hs":28952.91789548353,"B2_reduced":6.634724219173911,"sigma":24.0}
