{"B2":-816546.282582177,"B2_hs":56.54866776461627,"B2_reduced":-14439.70857069612,"sigma":3.0,"kD":0.0010167360457421666}
